{
  "analysis_time": "2025-10-01T18:25:29.942716",
  "reference_mesh": "original_ultra_low",
  "comparisons": {
    "comprehensive": {
      "comparison_analysis": {
        "original_vertices": 5233,
        "filled_vertices": 38801,
        "original_triangles": 8890,
        "filled_triangles": 75741,
        "original_surface_area": 39845.98034001881,
        "filled_surface_area": 41947.25474417047,
        "vertex_increase_percent": 641.4676094018727,
        "triangle_increase_percent": 751.9797525309336,
        "surface_area_increase_percent": 5.273491544745023,
        "original_volume": 0,
        "filled_volume": 0,
        "volume_increase_percent": 0
      },
      "coverage_analysis": {
        "density_improvement": 635.6397167947341,
        "balance_improvement": 0.44940538071065045,
        "volume_coverage": {
          "original": 2103685.6806217693,
          "filled": 2120351.521176514
        }
      },
      "quality_score": 85.85323905981274
    },
    "large_gaps": {
      "comparison_analysis": {
        "original_vertices": 5233,
        "filled_vertices": 168968,
        "original_triangles": 8890,
        "filled_triangles": 334454,
        "original_surface_area": 39845.98034001881,
        "filled_surface_area": 39882.7591818826,
        "vertex_increase_percent": 3128.893560099369,
        "triangle_increase_percent": 3662.137232845894,
        "surface_area_increase_percent": 0.09230251470773362,
        "original_volume": 0,
        "filled_volume": 0,
        "volume_increase_percent": 0
      },
      "coverage_analysis": {
        "density_improvement": 3094.9473643492256,
        "balance_improvement": 1.9948208113890253,
        "volume_coverage": {
          "original": 2103685.6806217693,
          "filled": 2126037.2619679947
        }
      },
      "quality_score": 0
    },
    "bilateral_symmetry": {
      "comparison_analysis": {
        "original_vertices": 5233,
        "filled_vertices": 80973,
        "original_triangles": 8890,
        "filled_triangles": 158022,
        "original_surface_area": 39845.98034001881,
        "filled_surface_area": 34476.51949787311,
        "vertex_increase_percent": 1447.3533346072998,
        "triangle_increase_percent": 1677.5253093363328,
        "surface_area_increase_percent": -13.475539555875729,
        "original_volume": 0,
        "filled_volume": 0,
        "volume_increase_percent": 0
      },
      "coverage_analysis": {
        "density_improvement": 1443.345771136821,
        "balance_improvement": 0.7601272058683717,
        "volume_coverage": {
          "original": 2103685.6806217693,
          "filled": 2109148.26330719
        }
      },
      "quality_score": 0
    },
    "best_filled": {
      "comparison_analysis": {
        "original_vertices": 5233,
        "filled_vertices": 38801,
        "original_triangles": 8890,
        "filled_triangles": 75741,
        "original_surface_area": 39845.98034001881,
        "filled_surface_area": 41947.25474417047,
        "vertex_increase_percent": 641.4676094018727,
        "triangle_increase_percent": 751.9797525309336,
        "surface_area_increase_percent": 5.273491544745023,
        "original_volume": 0,
        "filled_volume": 0,
        "volume_increase_percent": 0
      },
      "coverage_analysis": {
        "density_improvement": 635.6397167947341,
        "balance_improvement": 0.44940538071065045,
        "volume_coverage": {
          "original": 2103685.6806217693,
          "filled": 2120351.521176514
        }
      },
      "quality_score": 85.85323905981274
    }
  }
}